img_path,mos,dist_code,level,dist_name,qalign,liqe,maniqa,musiq,brisque
/content/data/CSIQ/dst_imgs/boston.JPEG.3.png,2.5999999999999996,10,3,jpeg,3.1171875,4.946837425231934,0.46945732831954956,69.28577423095703,35.86517333984375
/content/data/CSIQ/dst_imgs/trolley.JPEG.4.png,1.7999999999999998,10,4,jpeg,2.23046875,2.7091329097747803,0.43810388445854187,66.19867706298828,45.14471435546875
/content/data/CSIQ/dst_imgs/swarm.BLUR.5.png,1.0,1,5,blur,1.0029296875,1.0104615688323975,0.2698979675769806,16.896800994873047,94.20904541015625
/content/data/CSIQ/dst_imgs/lake.AWGN.1.png,4.2,11,1,awgn,3.69921875,4.9491400718688965,0.40846049785614014,62.52264404296875,8.57220458984375
/content/data/CSIQ/dst_imgs/1600.AWGN.2.png,3.4,11,2,awgn,3.091796875,4.958984851837158,0.3578275740146637,70.48983001708984,14.43402099609375
/content/data/CSIQ/dst_imgs/sunset_sparrow.JPEG.3.png,2.5999999999999996,10,3,jpeg,3.388671875,3.5623867511749268,0.4184802174568176,58.74076461791992,18.88787841796875
/content/data/CSIQ/dst_imgs/snow_leaves.AWGN.2.png,3.4,11,2,awgn,3.8515625,3.1341519355773926,0.4446459412574768,62.8661994934082,5.24285888671875
/content/data/CSIQ/dst_imgs/snow_leaves.BLUR.2.png,3.4,1,2,blur,3.03515625,2.6581170558929443,0.37768128514289856,60.52730941772461,24.32293701171875
/content/data/CSIQ/dst_imgs/roping.AWGN.4.png,1.7999999999999998,11,4,awgn,2.55859375,1.2096093893051147,0.20858576893806458,53.015342712402344,19.50421142578125
/content/data/CSIQ/dst_imgs/sunsetcolor.BLUR.5.png,1.0,1,5,blur,1.06640625,1.4274405241012573,0.4275357723236084,21.47942352294922,96.49530029296875
/content/data/CSIQ/dst_imgs/cactus.AWGN.2.png,3.4,11,2,awgn,3.689453125,4.945952415466309,0.37776893377304077,76.34143829345703,19.37420654296875
/content/data/CSIQ/dst_imgs/turtle.AWGN.1.png,4.2,11,1,awgn,3.451171875,3.9678540229797363,0.43485456705093384,58.82262420654297,-8.34869384765625
/content/data/CSIQ/dst_imgs/turtle.BLUR.1.png,4.2,1,1,blur,3.0078125,3.7841334342956543,0.362506628036499,58.29656219482422,13.76605224609375
/content/data/CSIQ/dst_imgs/turtle.JPEG.5.png,1.0,10,5,jpeg,1.0009765625,1.1118223667144775,0.18863767385482788,31.591672897338867,69.90838623046875
/content/data/CSIQ/dst_imgs/trolley.AWGN.2.png,3.4,11,2,awgn,3.3359375,4.898929595947266,0.4205785095691681,68.25756072998047,20.74212646484375
/content/data/CSIQ/dst_imgs/child_swimming.JPEG.5.png,1.0,10,5,jpeg,1.54296875,2.049191951751709,0.3244679570198059,43.71852111816406,81.70550537109375
/content/data/CSIQ/dst_imgs/roping.JPEG.1.png,4.2,10,1,jpeg,2.974609375,2.496312141418457,0.3241790533065796,64.52507781982422,6.10491943359375
/content/data/CSIQ/dst_imgs/swarm.JPEG.4.png,1.7999999999999998,10,4,jpeg,1.1064453125,1.4582338333129883,0.3115304410457611,61.81598663330078,60.13018798828125
/content/data/CSIQ/dst_imgs/woman.AWGN.3.png,2.5999999999999996,11,3,awgn,2.880859375,2.993492364883423,0.3422818183898926,63.70028305053711,10.48114013671875
/content/data/CSIQ/dst_imgs/roping.BLUR.2.png,3.4,1,2,blur,2.298828125,1.9362106323242188,0.21062946319580078,58.644893646240234,15.37396240234375
/content/data/CSIQ/dst_imgs/bridge.JPEG.5.png,1.0,10,5,jpeg,1.0048828125,1.013687252998352,0.09683291614055634,25.58009147644043,69.82550048828125
/content/data/CSIQ/dst_imgs/family.JPEG.3.png,2.5999999999999996,10,3,jpeg,1.5078125,1.0133309364318848,0.19559937715530396,41.311100006103516,58.48052978515625
/content/data/CSIQ/dst_imgs/lady_liberty.BLUR.3.png,2.5999999999999996,1,3,blur,1.939453125,1.1129732131958008,0.21193082630634308,35.02699279785156,65.96844482421875
/content/data/CSIQ/dst_imgs/family.BLUR.5.png,1.0,1,5,blur,1.001953125,1.02980637550354,0.27059781551361084,14.85289192199707,90.66326904296875
/content/data/CSIQ/dst_imgs/boston.BLUR.2.png,3.4,1,2,blur,3.01171875,4.7884840965271,0.3252962529659271,69.0210189819336,23.91802978515625
/content/data/CSIQ/dst_imgs/family.AWGN.1.png,4.2,11,1,awgn,3.095703125,2.5092051029205322,0.33614569902420044,48.71041488647461,-6.59014892578125
/content/data/CSIQ/dst_imgs/sunset_sparrow.BLUR.1.png,4.2,1,1,blur,3.248046875,3.0488767623901367,0.3749883472919464,60.50661849975586,-5.78814697265625
/content/data/CSIQ/dst_imgs/geckos.JPEG.2.png,3.4,10,2,jpeg,3.08984375,3.7631804943084717,0.4066074788570404,69.8818588256836,14.43878173828125
/content/data/CSIQ/dst_imgs/log_seaside.JPEG.1.png,4.2,10,1,jpeg,3.103515625,4.612382411956787,0.4053613841533661,70.212646484375,11.65203857421875
/content/data/CSIQ/dst_imgs/rushmore.BLUR.3.png,2.5999999999999996,1,3,blur,3.21875,4.657810688018799,0.3890345096588135,71.02484893798828,9.03302001953125
/content/data/CSIQ/dst_imgs/1600.BLUR.2.png,3.4,1,2,blur,2.919921875,4.914017200469971,0.28205105662345886,68.61627197265625,19.98590087890625
/content/data/CSIQ/dst_imgs/swarm.JPEG.2.png,3.4,10,2,jpeg,3.416015625,4.9192795753479,0.45481571555137634,73.47039031982422,24.31170654296875
/content/data/CSIQ/dst_imgs/fisher.BLUR.2.png,3.4,1,2,blur,1.95703125,1.8420028686523438,0.20056095719337463,31.55731964111328,37.50946044921875
/content/data/CSIQ/dst_imgs/native_american.BLUR.3.png,2.5999999999999996,1,3,blur,1.9541015625,2.2834699153900146,0.23030148446559906,29.545263290405273,34.60345458984375
/content/data/CSIQ/dst_imgs/sunsetcolor.BLUR.1.png,4.2,1,1,blur,2.69140625,3.066328763961792,0.2938508987426758,50.39335250854492,52.44244384765625
/content/data/CSIQ/dst_imgs/bridge.AWGN.4.png,1.7999999999999998,11,4,awgn,2.50390625,2.4760046005249023,0.25716400146484375,53.101829528808594,17.38372802734375
/content/data/CSIQ/dst_imgs/lady_liberty.BLUR.2.png,3.4,1,2,blur,2.3828125,3.598501205444336,0.32066893577575684,59.635807037353516,47.33062744140625
/content/data/CSIQ/dst_imgs/swarm.JPEG.3.png,2.5999999999999996,10,3,jpeg,1.3212890625,1.6101151704788208,0.3492922782897949,67.31892395019531,58.86517333984375
/content/data/CSIQ/dst_imgs/trolley.AWGN.3.png,2.5999999999999996,11,3,awgn,3.109375,4.145479679107666,0.3766593635082245,66.77947998046875,20.55609130859375
/content/data/CSIQ/dst_imgs/elk.BLUR.5.png,1.0,1,5,blur,1.0,1.460835576057434,0.133323535323143,15.937868118286133,75.78045654296875
/content/data/CSIQ/dst_imgs/geckos.JPEG.4.png,1.7999999999999998,10,4,jpeg,2.46875,2.385054111480713,0.3911840617656708,62.55573272705078,27.77386474609375
/content/data/CSIQ/dst_imgs/monument.AWGN.1.png,4.2,11,1,awgn,3.533203125,2.988149404525757,0.4479171931743622,65.83549499511719,10.32598876953125
/content/data/CSIQ/dst_imgs/shroom.BLUR.1.png,4.2,1,1,blur,3.015625,3.316086769104004,0.3558371663093567,65.1199951171875,26.20391845703125
/content/data/CSIQ/dst_imgs/couple.JPEG.4.png,1.7999999999999998,10,4,jpeg,1.9814453125,1.2622313499450684,0.27634626626968384,54.430152893066406,46.88470458984375
/content/data/CSIQ/dst_imgs/bridge.BLUR.3.png,2.5999999999999996,1,3,blur,2.193359375,2.461167573928833,0.18766918778419495,44.022159576416016,36.10968017578125
/content/data/CSIQ/dst_imgs/monument.AWGN.2.png,3.4,11,2,awgn,3.591796875,2.719766855239868,0.4212842583656311,64.40487670898438,9.71673583984375
/content/data/CSIQ/dst_imgs/turtle.JPEG.1.png,4.2,10,1,jpeg,4.01953125,4.217426300048828,0.48415133357048035,58.24541473388672,-4.26446533203125
/content/data/CSIQ/dst_imgs/lady_liberty.JPEG.1.png,4.2,10,1,jpeg,3.82421875,4.991509914398193,0.5126826167106628,68.09130096435547,23.47161865234375
/content/data/CSIQ/dst_imgs/child_swimming.AWGN.2.png,3.4,11,2,awgn,3.283203125,4.9983439445495605,0.4166702330112457,68.96157836914062,20.37420654296875
/content/data/CSIQ/dst_imgs/sunset_sparrow.BLUR.4.png,1.7999999999999998,1,4,blur,1.40234375,1.0250487327575684,0.1370803266763687,20.490787506103516,58.44781494140625
/content/data/CSIQ/dst_imgs/aerial_city.JPEG.2.png,3.4,10,2,jpeg,3.099609375,4.438106536865234,0.4697974920272827,67.19190979003906,18.15570068359375
/content/data/CSIQ/dst_imgs/roping.JPEG.2.png,3.4,10,2,jpeg,3.263671875,2.44301176071167,0.343681275844574,62.78145980834961,13.06976318359375
/content/data/CSIQ/dst_imgs/veggies.BLUR.4.png,1.7999999999999998,1,4,blur,1.9970703125,1.1616500616073608,0.19730129837989807,25.090335845947266,46.04779052734375
/content/data/CSIQ/dst_imgs/lake.BLUR.3.png,2.5999999999999996,1,3,blur,2.908203125,4.268193244934082,0.25649988651275635,55.73602294921875,12.14019775390625
/content/data/CSIQ/dst_imgs/boston.BLUR.4.png,1.7999999999999998,1,4,blur,1.998046875,1.0514956712722778,0.12841059267520905,29.744277954101562,49.14862060546875
/content/data/CSIQ/dst_imgs/rushmore.BLUR.1.png,4.2,1,1,blur,3.740234375,4.937622547149658,0.5179769396781921,73.50495147705078,2.35662841796875
/content/data/CSIQ/dst_imgs/turtle.AWGN.3.png,2.5999999999999996,11,3,awgn,3.150390625,3.5510642528533936,0.3836047351360321,57.38630676269531,2.05181884765625
/content/data/CSIQ/dst_imgs/couple.JPEG.2.png,3.4,10,2,jpeg,3.90625,4.256072044372559,0.44070106744766235,72.1337661743164,18.95208740234375
/content/data/CSIQ/dst_imgs/boston.BLUR.1.png,4.2,1,1,blur,3.154296875,4.948815822601318,0.38511866331100464,70.79288482666016,19.73150634765625
/content/data/CSIQ/dst_imgs/foxy.AWGN.1.png,4.2,11,1,awgn,3.404296875,4.77095890045166,0.4656752645969391,71.56671905517578,10.78448486328125
/content/data/CSIQ/dst_imgs/monument.JPEG.1.png,4.2,10,1,jpeg,3.857421875,3.1626291275024414,0.4688855707645416,67.1727523803711,10.80047607421875
/content/data/CSIQ/dst_imgs/sunset_sparrow.AWGN.1.png,4.2,11,1,awgn,3.302734375,3.0197770595550537,0.3932632505893707,61.4109001159668,-5.44378662109375
/content/data/CSIQ/dst_imgs/butter_flower.JPEG.4.png,1.7999999999999998,10,4,jpeg,1.2626953125,1.2338988780975342,0.2273692935705185,49.11474609375,49.35955810546875
/content/data/CSIQ/dst_imgs/aerial_city.AWGN.4.png,1.7999999999999998,11,4,awgn,2.515625,2.7286078929901123,0.2955915927886963,50.86699676513672,27.52581787109375
/content/data/CSIQ/dst_imgs/lady_liberty.AWGN.2.png,3.4,11,2,awgn,3.78515625,4.883302211761475,0.447037011384964,65.32693481445312,8.01312255859375
/content/data/CSIQ/dst_imgs/lady_liberty.AWGN.3.png,2.5999999999999996,11,3,awgn,3.263671875,4.253046035766602,0.40349099040031433,61.69750213623047,13.32635498046875
/content/data/CSIQ/dst_imgs/elk.AWGN.5.png,1.0,11,5,awgn,2.41796875,2.2567052841186523,0.34687384963035583,50.40815353393555,23.07769775390625
/content/data/CSIQ/dst_imgs/foxy.AWGN.5.png,1.0,11,5,awgn,2.70703125,3.0666513442993164,0.34776705503463745,59.25222396850586,22.72174072265625
/content/data/CSIQ/dst_imgs/aerial_city.BLUR.1.png,4.2,1,1,blur,2.83984375,4.282586097717285,0.33975332975387573,66.39855194091797,18.37957763671875
/content/data/CSIQ/dst_imgs/snow_leaves.AWGN.5.png,1.0,11,5,awgn,2.453125,1.2750030755996704,0.3099287748336792,54.04387664794922,14.60784912109375
/content/data/CSIQ/dst_imgs/roping.BLUR.3.png,2.5999999999999996,1,3,blur,1.9541015625,1.0412037372589111,0.1287626028060913,43.505126953125,28.80364990234375
/content/data/CSIQ/dst_imgs/log_seaside.BLUR.5.png,1.0,1,5,blur,2.013671875,2.374441385269165,0.1661394089460373,34.85087585449219,33.19451904296875
/content/data/CSIQ/dst_imgs/native_american.JPEG.4.png,1.7999999999999998,10,4,jpeg,1.0322265625,1.0331013202667236,0.22089919447898865,29.132057189941406,62.77386474609375
/content/data/CSIQ/dst_imgs/sunset_sparrow.JPEG.4.png,1.7999999999999998,10,4,jpeg,1.984375,1.4854543209075928,0.3332628011703491,49.10902404785156,50.81793212890625
/content/data/CSIQ/dst_imgs/sunset_sparrow.BLUR.2.png,3.4,1,2,blur,3.126953125,2.73873233795166,0.33671271800994873,58.524837493896484,0.44305419921875
/content/data/CSIQ/dst_imgs/sunsetcolor.AWGN.2.png,3.4,11,2,awgn,2.970703125,2.7873878479003906,0.3062192499637604,53.14426803588867,9.51116943359375
/content/data/CSIQ/dst_imgs/1600.BLUR.3.png,2.5999999999999996,1,3,blur,2.373046875,4.3662004470825195,0.2066299468278885,61.902183532714844,29.87689208984375
/content/data/CSIQ/dst_imgs/foxy.AWGN.3.png,2.5999999999999996,11,3,awgn,3.509765625,4.306031227111816,0.42909955978393555,68.2111587524414,12.71368408203125
/content/data/CSIQ/dst_imgs/couple.JPEG.1.png,4.2,10,1,jpeg,3.541015625,4.288476943969727,0.43228432536125183,73.02910614013672,19.46893310546875
/content/data/CSIQ/dst_imgs/turtle.BLUR.4.png,1.7999999999999998,1,4,blur,1.0,1.1646724939346313,0.17409110069274902,15.280160903930664,80.45880126953125
/content/data/CSIQ/dst_imgs/lake.BLUR.2.png,3.4,1,2,blur,3.16796875,4.726756572723389,0.32092124223709106,59.52661895751953,7.51934814453125
/content/data/CSIQ/dst_imgs/sunsetcolor.JPEG.5.png,1.0,10,5,jpeg,1.0029296875,1.0712448358535767,0.26192453503608704,29.332029342651367,93.67706298828125
/content/data/CSIQ/dst_imgs/log_seaside.JPEG.5.png,1.0,10,5,jpeg,1.77734375,1.7598429918289185,0.3852755129337311,56.8026123046875,46.25750732421875
/content/data/CSIQ/dst_imgs/trolley.AWGN.5.png,1.0,11,5,awgn,2.212890625,2.6325392723083496,0.2801613509654999,58.89789581298828,26.86151123046875
/content/data/CSIQ/dst_imgs/family.JPEG.2.png,3.4,10,2,jpeg,3.279296875,2.771639823913574,0.360486775636673,48.15818405151367,18.67938232421875
/content/data/CSIQ/dst_imgs/bridge.JPEG.1.png,4.2,10,1,jpeg,3.1015625,4.775278568267822,0.3422963321208954,64.21932220458984,14.88909912109375
/content/data/CSIQ/dst_imgs/monument.JPEG.4.png,1.7999999999999998,10,4,jpeg,1.822265625,1.3549680709838867,0.2947598099708557,44.17076110839844,50.23992919921875
/content/data/CSIQ/dst_imgs/couple.JPEG.5.png,1.0,10,5,jpeg,1.1513671875,1.0859392881393433,0.18031267821788788,44.00862121582031,59.84930419921875
/content/data/CSIQ/dst_imgs/family.AWGN.3.png,2.5999999999999996,11,3,awgn,2.720703125,1.9252171516418457,0.24839851260185242,44.31511688232422,14.94891357421875
/content/data/CSIQ/dst_imgs/butter_flower.JPEG.3.png,2.5999999999999996,10,3,jpeg,2.716796875,2.7101643085479736,0.3711349666118622,59.96684265136719,29.21405029296875
/content/data/CSIQ/dst_imgs/shroom.AWGN.1.png,4.2,11,1,awgn,3.2265625,3.494964122772217,0.3691565990447998,67.66580963134766,19.37640380859375
/content/data/CSIQ/dst_imgs/redwood.BLUR.5.png,1.0,1,5,blur,1.0048828125,1.0178265571594238,0.24147538840770721,16.325044631958008,92.71575927734375
/content/data/CSIQ/dst_imgs/boston.AWGN.2.png,3.4,11,2,awgn,3.37109375,4.950431823730469,0.4137270748615265,68.9336166381836,18.86883544921875
/content/data/CSIQ/dst_imgs/geckos.BLUR.2.png,3.4,1,2,blur,2.607421875,3.366253614425659,0.3304397463798523,67.04413604736328,17.77117919921875
/content/data/CSIQ/dst_imgs/family.JPEG.1.png,4.2,10,1,jpeg,3.015625,2.651682138442993,0.3582110106945038,49.25096130371094,4.15240478515625
/content/data/CSIQ/dst_imgs/cactus.BLUR.4.png,1.7999999999999998,1,4,blur,2.078125,1.9992966651916504,0.24219174683094025,49.831886291503906,37.06744384765625
/content/data/CSIQ/dst_imgs/geckos.JPEG.1.png,4.2,10,1,jpeg,2.900390625,3.745698928833008,0.3838571310043335,69.78166961669922,14.99786376953125
/content/data/CSIQ/dst_imgs/native_american.JPEG.3.png,2.5999999999999996,10,3,jpeg,2.947265625,2.879951238632202,0.41654807329177856,55.726806640625,17.22845458984375
/content/data/CSIQ/dst_imgs/sunset_sparrow.AWGN.5.png,1.0,11,5,awgn,2.390625,1.2901017665863037,0.29211366176605225,54.62120056152344,35.37371826171875
/content/data/CSIQ/dst_imgs/turtle.JPEG.4.png,1.7999999999999998,10,4,jpeg,1.005859375,1.0390383005142212,0.304613322019577,39.16007995605469,62.96234130859375
/content/data/CSIQ/dst_imgs/lake.BLUR.5.png,1.0,1,5,blur,1.3525390625,2.0096561908721924,0.14987176656723022,20.63774871826172,56.50018310546875
/content/data/CSIQ/dst_imgs/redwood.BLUR.3.png,2.5999999999999996,1,3,blur,2.69921875,1.3417061567306519,0.18919052183628082,48.02934265136719,23.08465576171875
/content/data/CSIQ/dst_imgs/child_swimming.AWGN.4.png,1.7999999999999998,11,4,awgn,2.873046875,4.920438289642334,0.38476288318634033,63.824676513671875,25.64154052734375
/content/data/CSIQ/dst_imgs/family.BLUR.4.png,1.7999999999999998,1,4,blur,1.048828125,1.0426803827285767,0.21205110847949982,16.087482452392578,77.81146240234375
/content/data/CSIQ/dst_imgs/couple.JPEG.3.png,2.5999999999999996,10,3,jpeg,3.7421875,3.8981378078460693,0.44747984409332275,68.6540756225586,25.17034912109375
/content/data/CSIQ/dst_imgs/monument.JPEG.5.png,1.0,10,5,jpeg,1.0009765625,1.3071610927581787,0.21938076615333557,28.407367706298828,74.41607666015625
/content/data/CSIQ/dst_imgs/log_seaside.AWGN.1.png,4.2,11,1,awgn,3.212890625,4.518723487854004,0.37756046652793884,68.56228637695312,12.59881591796875
/content/data/CSIQ/dst_imgs/trolley.BLUR.4.png,1.7999999999999998,1,4,blur,2.3203125,3.0847625732421875,0.17044807970523834,49.90248489379883,36.95745849609375
/content/data/CSIQ/dst_imgs/aerial_city.JPEG.5.png,1.0,10,5,jpeg,1.0009765625,1.1517372131347656,0.19672690331935883,46.656394958496094,91.12591552734375
/content/data/CSIQ/dst_imgs/shroom.BLUR.5.png,1.0,1,5,blur,1.0,1.1323057413101196,0.162480428814888,13.853717803955078,81.61102294921875
/content/data/CSIQ/dst_imgs/turtle.AWGN.2.png,3.4,11,2,awgn,3.51171875,3.873157024383545,0.41371819376945496,58.47016525268555,-7.20928955078125
/content/data/CSIQ/dst_imgs/snow_leaves.JPEG.1.png,4.2,10,1,jpeg,3.919921875,3.2098233699798584,0.48519307374954224,62.232749938964844,12.27386474609375
/content/data/CSIQ/dst_imgs/veggies.JPEG.2.png,3.4,10,2,jpeg,3.880859375,4.655702590942383,0.4997308850288391,62.831207275390625,14.83990478515625
/content/data/CSIQ/dst_imgs/foxy.BLUR.3.png,2.5999999999999996,1,3,blur,2.99609375,4.56046724319458,0.4044738709926605,69.87258911132812,12.09686279296875
/content/data/CSIQ/dst_imgs/cactus.JPEG.1.png,4.2,10,1,jpeg,3.8984375,4.997772693634033,0.41174793243408203,77.28272247314453,6.24481201171875
/content/data/CSIQ/dst_imgs/lake.BLUR.1.png,4.2,1,1,blur,3.390625,4.847620964050293,0.3666018843650818,61.342002868652344,7.45538330078125
/content/data/CSIQ/dst_imgs/sunsetcolor.AWGN.3.png,2.5999999999999996,11,3,awgn,2.603515625,2.1564414501190186,0.2690573036670685,50.45746612548828,18.53131103515625
/content/data/CSIQ/dst_imgs/elk.BLUR.3.png,2.5999999999999996,1,3,blur,2.283203125,2.3597755432128906,0.3094293773174286,54.87425231933594,34.58282470703125
/content/data/CSIQ/dst_imgs/shroom.JPEG.2.png,3.4,10,2,jpeg,3.54296875,3.272256374359131,0.40380752086639404,64.94793701171875,24.44659423828125
/content/data/CSIQ/dst_imgs/shroom.BLUR.4.png,1.7999999999999998,1,4,blur,1.5712890625,1.2869999408721924,0.1680614948272705,27.335792541503906,64.89654541015625
/content/data/CSIQ/dst_imgs/sunsetcolor.JPEG.4.png,1.7999999999999998,10,4,jpeg,1.0029296875,1.0712448358535767,0.26192453503608704,29.332029342651367,93.67706298828125
/content/data/CSIQ/dst_imgs/rushmore.BLUR.5.png,1.0,1,5,blur,1.580078125,1.0461562871932983,0.12963776290416718,32.09757614135742,63.05340576171875
/content/data/CSIQ/dst_imgs/1600.BLUR.1.png,4.2,1,1,blur,3.08984375,4.969277381896973,0.3420065641403198,70.6869125366211,15.68524169921875
/content/data/CSIQ/dst_imgs/1600.AWGN.5.png,1.0,11,5,awgn,2.107421875,2.3373146057128906,0.24212156236171722,57.270015716552734,29.70452880859375
/content/data/CSIQ/dst_imgs/1600.JPEG.2.png,3.4,10,2,jpeg,3.59375,4.98722505569458,0.4415214955806732,71.45543670654297,15.42034912109375
/content/data/CSIQ/dst_imgs/child_swimming.BLUR.5.png,1.0,1,5,blur,1.0009765625,1.0201871395111084,0.05755838751792908,15.363018035888672,72.59954833984375
/content/data/CSIQ/dst_imgs/fisher.BLUR.3.png,2.5999999999999996,1,3,blur,1.001953125,1.0237599611282349,0.10484836995601654,17.795103073120117,62.69329833984375
/content/data/CSIQ/dst_imgs/sunsetcolor.BLUR.2.png,3.4,1,2,blur,1.7197265625,1.7360061407089233,0.24254480004310608,25.412626266479492,77.72088623046875
/content/data/CSIQ/dst_imgs/swarm.AWGN.2.png,3.4,11,2,awgn,3.228515625,4.852258682250977,0.3852599859237671,72.09840393066406,-0.37701416015625
/content/data/CSIQ/dst_imgs/redwood.BLUR.4.png,1.7999999999999998,1,4,blur,1.58984375,1.0392556190490723,0.15537995100021362,23.22528839111328,47.89288330078125
/content/data/CSIQ/dst_imgs/veggies.AWGN.2.png,3.4,11,2,awgn,3.71875,4.162694454193115,0.4635993242263794,63.52354431152344,7.27679443359375
/content/data/CSIQ/dst_imgs/log_seaside.AWGN.3.png,2.5999999999999996,11,3,awgn,3.060546875,3.8490591049194336,0.34958985447883606,66.15047454833984,17.36846923828125
/content/data/CSIQ/dst_imgs/shroom.AWGN.4.png,1.7999999999999998,11,4,awgn,2.794921875,2.5998897552490234,0.2684069573879242,59.01654815673828,18.14654541015625
/content/data/CSIQ/dst_imgs/child_swimming.AWGN.5.png,1.0,11,5,awgn,2.4765625,3.999366521835327,0.36331528425216675,59.29309844970703,30.68865966796875
/content/data/CSIQ/dst_imgs/sunsetcolor.AWGN.1.png,4.2,11,1,awgn,3.07421875,3.2941901683807373,0.36123335361480713,54.59082794189453,9.69769287109375
/content/data/CSIQ/dst_imgs/couple.BLUR.1.png,4.2,1,1,blur,3.111328125,3.7045114040374756,0.36671966314315796,71.65303802490234,23.67095947265625
/content/data/CSIQ/dst_imgs/snow_leaves.JPEG.4.png,1.7999999999999998,10,4,jpeg,1.98046875,1.075676679611206,0.30593040585517883,59.445648193359375,34.83270263671875
/content/data/CSIQ/dst_imgs/rushmore.AWGN.2.png,3.4,11,2,awgn,3.787109375,4.864315986633301,0.4967835247516632,73.56072998046875,8.17230224609375
/content/data/CSIQ/dst_imgs/foxy.AWGN.2.png,3.4,11,2,awgn,3.5234375,4.668365478515625,0.44924408197402954,71.03697204589844,11.36285400390625
/content/data/CSIQ/dst_imgs/couple.BLUR.2.png,3.4,1,2,blur,2.80078125,3.1819818019866943,0.28826403617858887,68.1982421875,29.40228271484375
/content/data/CSIQ/dst_imgs/boston.BLUR.3.png,2.5999999999999996,1,3,blur,2.66796875,3.234434127807617,0.2417667657136917,60.27778244018555,33.83880615234375
/content/data/CSIQ/dst_imgs/turtle.JPEG.2.png,3.4,10,2,jpeg,3.876953125,4.205427169799805,0.5257285237312317,56.628822326660156,19.31976318359375
/content/data/CSIQ/dst_imgs/redwood.JPEG.3.png,2.5999999999999996,10,3,jpeg,2.734375,1.3111735582351685,0.34863346815109253,54.74048614501953,21.09820556640625
/content/data/CSIQ/dst_imgs/boston.AWGN.4.png,1.7999999999999998,11,4,awgn,2.8515625,3.842299699783325,0.35837751626968384,61.575462341308594,23.07318115234375
/content/data/CSIQ/dst_imgs/couple.AWGN.5.png,1.0,11,5,awgn,2.4140625,2.1013410091400146,0.2409747838973999,56.68091583251953,20.50482177734375
/content/data/CSIQ/dst_imgs/log_seaside.BLUR.3.png,2.5999999999999996,1,3,blur,2.876953125,4.0286078453063965,0.27958571910858154,63.9569206237793,12.58819580078125
/content/data/CSIQ/dst_imgs/bridge.BLUR.2.png,3.4,1,2,blur,2.59375,3.713982105255127,0.2483089715242386,56.244163513183594,24.47198486328125
/content/data/CSIQ/dst_imgs/1600.AWGN.4.png,1.7999999999999998,11,4,awgn,2.6484375,3.7013814449310303,0.2859887480735779,60.526065826416016,24.67987060546875
/content/data/CSIQ/dst_imgs/fisher.BLUR.4.png,1.7999999999999998,1,4,blur,1.0,1.0070829391479492,0.12863363325595856,15.00297737121582,82.69915771484375
/content/data/CSIQ/dst_imgs/turtle.AWGN.5.png,1.0,11,5,awgn,2.10546875,2.685002326965332,0.28809845447540283,53.39804458618164,29.73565673828125
/content/data/CSIQ/dst_imgs/log_seaside.BLUR.4.png,1.7999999999999998,1,4,blur,2.4453125,3.3993000984191895,0.2243075668811798,55.717674255371094,20.55950927734375
/content/data/CSIQ/dst_imgs/aerial_city.BLUR.3.png,2.5999999999999996,1,3,blur,2.177734375,3.037217617034912,0.1925283521413803,56.13019561767578,29.00213623046875
/content/data/CSIQ/dst_imgs/sunsetcolor.AWGN.5.png,1.0,11,5,awgn,1.91015625,1.2176254987716675,0.24092616140842438,44.89581298828125,39.32733154296875
/content/data/CSIQ/dst_imgs/shroom.AWGN.5.png,1.0,11,5,awgn,2.19921875,2.20369553565979,0.2412928342819214,50.52528381347656,19.49578857421875
/content/data/CSIQ/dst_imgs/couple.AWGN.4.png,1.7999999999999998,11,4,awgn,2.9296875,2.842604398727417,0.2913254499435425,63.821739196777344,19.58685302734375
/content/data/CSIQ/dst_imgs/1600.AWGN.3.png,2.5999999999999996,11,3,awgn,2.927734375,4.839781284332275,0.3213142156600952,68.07957458496094,16.94866943359375
/content/data/CSIQ/dst_imgs/lake.JPEG.2.png,3.4,10,2,jpeg,3.93359375,4.9372992515563965,0.47386154532432556,61.938636779785156,9.72869873046875
/content/data/CSIQ/dst_imgs/foxy.BLUR.1.png,4.2,1,1,blur,3.22265625,4.819116115570068,0.4623783826828003,71.52327728271484,9.78826904296875
/content/data/CSIQ/dst_imgs/cactus.AWGN.1.png,4.2,11,1,awgn,3.591796875,4.988909721374512,0.39546555280685425,76.85913848876953,11.34942626953125
/content/data/CSIQ/dst_imgs/family.BLUR.2.png,3.4,1,2,blur,2.44140625,2.221794366836548,0.29363712668418884,37.5713996887207,21.32220458984375
/content/data/CSIQ/dst_imgs/rushmore.JPEG.5.png,1.0,10,5,jpeg,1.5009765625,1.2914910316467285,0.33757585287094116,60.138641357421875,62.94854736328125
/content/data/CSIQ/dst_imgs/lady_liberty.AWGN.1.png,4.2,11,1,awgn,3.71484375,4.9649505615234375,0.4864288568496704,68.63827514648438,10.15338134765625
/content/data/CSIQ/dst_imgs/veggies.JPEG.5.png,1.0,10,5,jpeg,1.0078125,1.0346354246139526,0.19944868981838226,44.20145797729492,75.16717529296875
/content/data/CSIQ/dst_imgs/bridge.AWGN.1.png,4.2,11,1,awgn,3.033203125,4.778439998626709,0.3173217177391052,63.93915557861328,14.05560302734375
/content/data/CSIQ/dst_imgs/butter_flower.BLUR.2.png,3.4,1,2,blur,2.693359375,2.6742300987243652,0.37708956003189087,55.05110168457031,38.92474365234375
/content/data/CSIQ/dst_imgs/trolley.AWGN.4.png,1.7999999999999998,11,4,awgn,2.83984375,3.4085710048675537,0.33337128162384033,62.64252853393555,22.76531982421875
/content/data/CSIQ/dst_imgs/woman.AWGN.4.png,1.7999999999999998,11,4,awgn,2.568359375,2.3090789318084717,0.2952740490436554,55.16272735595703,15.15765380859375
/content/data/CSIQ/dst_imgs/bridge.BLUR.5.png,1.0,1,5,blur,1.0029296875,1.023740291595459,0.10837537050247192,15.106060028076172,79.96942138671875
/content/data/CSIQ/dst_imgs/lady_liberty.JPEG.3.png,2.5999999999999996,10,3,jpeg,1.904296875,1.9341026544570923,0.37252286076545715,56.49189758300781,82.46697998046875
/content/data/CSIQ/dst_imgs/snow_leaves.JPEG.2.png,3.4,10,2,jpeg,3.89453125,3.150714635848999,0.5082328915596008,62.13154602050781,12.91644287109375
/content/data/CSIQ/dst_imgs/monument.BLUR.2.png,3.4,1,2,blur,2.935546875,2.4452850818634033,0.32661235332489014,60.607666015625,20.30364990234375
/content/data/CSIQ/dst_imgs/rushmore.JPEG.3.png,2.5999999999999996,10,3,jpeg,4.09375,4.98206901550293,0.5723578333854675,73.76302337646484,14.56488037109375
/content/data/CSIQ/dst_imgs/swarm.JPEG.5.png,1.0,10,5,jpeg,1.001953125,1.0535122156143188,0.1433141976594925,42.398868560791016,75.72137451171875
/content/data/CSIQ/dst_imgs/native_american.BLUR.5.png,1.0,1,5,blur,1.0009765625,1.013204574584961,0.18007420003414154,15.157118797302246,97.80950927734375
/content/data/CSIQ/dst_imgs/native_american.BLUR.2.png,3.4,1,2,blur,2.87109375,4.525907039642334,0.3689980208873749,56.105926513671875,9.60491943359375
/content/data/CSIQ/dst_imgs/bridge.JPEG.4.png,1.7999999999999998,10,4,jpeg,1.2177734375,1.071714997291565,0.1553025096654892,38.076026916503906,63.23602294921875
/content/data/CSIQ/dst_imgs/boston.JPEG.4.png,1.7999999999999998,10,4,jpeg,1.09375,2.066286087036133,0.33026453852653503,57.48847961425781,68.03411865234375
/content/data/CSIQ/dst_imgs/roping.JPEG.3.png,2.5999999999999996,10,3,jpeg,2.984375,1.6589289903640747,0.3097955286502838,60.20152282714844,25.60211181640625
/content/data/CSIQ/dst_imgs/family.JPEG.4.png,1.7999999999999998,10,4,jpeg,1.0625,1.0079772472381592,0.1642090529203415,30.244020462036133,60.15618896484375
/content/data/CSIQ/dst_imgs/aerial_city.AWGN.5.png,1.0,11,5,awgn,2.03125,2.2048892974853516,0.257567822933197,49.22026824951172,32.97235107421875
/content/data/CSIQ/dst_imgs/aerial_city.AWGN.1.png,4.2,11,1,awgn,3.08984375,4.4736504554748535,0.3827647268772125,67.06732940673828,20.08111572265625
/content/data/CSIQ/dst_imgs/child_swimming.BLUR.3.png,2.5999999999999996,1,3,blur,2.787109375,4.969841003417969,0.29570576548576355,62.36907958984375,22.07244873046875
/content/data/CSIQ/dst_imgs/redwood.AWGN.4.png,1.7999999999999998,11,4,awgn,2.771484375,1.2291077375411987,0.24629388749599457,52.450904846191406,22.41888427734375
/content/data/CSIQ/dst_imgs/monument.BLUR.1.png,4.2,1,1,blur,3.1484375,2.7754547595977783,0.3950870931148529,64.58783721923828,15.07049560546875
/content/data/CSIQ/dst_imgs/woman.AWGN.1.png,4.2,11,1,awgn,3.21875,4.103914260864258,0.39645451307296753,73.11890411376953,6.43438720703125
/content/data/CSIQ/dst_imgs/shroom.AWGN.2.png,3.4,11,2,awgn,3.279296875,3.3886308670043945,0.34045103192329407,65.66148376464844,18.22955322265625
/content/data/CSIQ/dst_imgs/woman.BLUR.1.png,4.2,1,1,blur,3.001953125,3.7525391578674316,0.3317719101905823,71.77307891845703,10.52777099609375
/content/data/CSIQ/dst_imgs/sunset_sparrow.JPEG.2.png,3.4,10,2,jpeg,3.568359375,3.4634995460510254,0.400826632976532,61.13338088989258,-6.65301513671875
/content/data/CSIQ/dst_imgs/shroom.JPEG.1.png,4.2,10,1,jpeg,3.21484375,3.4724373817443848,0.3767646551132202,66.24991607666016,20.52606201171875
/content/data/CSIQ/dst_imgs/child_swimming.JPEG.1.png,4.2,10,1,jpeg,3.21875,4.999683380126953,0.42248091101646423,70.72882843017578,20.31927490234375
/content/data/CSIQ/dst_imgs/butter_flower.BLUR.3.png,2.5999999999999996,1,3,blur,1.7578125,1.399977684020996,0.2285364866256714,31.011520385742188,56.96783447265625
/content/data/CSIQ/dst_imgs/aerial_city.AWGN.3.png,2.5999999999999996,11,3,awgn,2.974609375,3.472782850265503,0.341199666261673,58.18803405761719,24.02252197265625
/content/data/CSIQ/dst_imgs/butter_flower.AWGN.3.png,2.5999999999999996,11,3,awgn,3.064453125,2.8541409969329834,0.3943215310573578,58.27954864501953,1.26898193359375
/content/data/CSIQ/dst_imgs/veggies.AWGN.3.png,2.5999999999999996,11,3,awgn,3.5234375,3.5344955921173096,0.4293983280658722,59.961700439453125,9.39434814453125
/content/data/CSIQ/dst_imgs/redwood.JPEG.4.png,1.7999999999999998,10,4,jpeg,1.1953125,1.016476035118103,0.26126113533973694,39.591495513916016,51.09039306640625
/content/data/CSIQ/dst_imgs/child_swimming.JPEG.3.png,2.5999999999999996,10,3,jpeg,3.560546875,4.997525691986084,0.4599577486515045,67.8434829711914,23.57659912109375
/content/data/CSIQ/dst_imgs/shroom.BLUR.2.png,3.4,1,2,blur,2.728515625,2.9335074424743652,0.32119378447532654,59.18122100830078,34.95465087890625
/content/data/CSIQ/dst_imgs/elk.AWGN.4.png,1.7999999999999998,11,4,awgn,2.970703125,2.889069080352783,0.39077457785606384,56.93822479248047,19.57537841796875
/content/data/CSIQ/dst_imgs/sunsetcolor.BLUR.4.png,1.7999999999999998,1,4,blur,1.03125,1.1946533918380737,0.37013208866119385,18.86480712890625,96.796142578125
/content/data/CSIQ/dst_imgs/veggies.BLUR.5.png,1.0,1,5,blur,1.01953125,1.08389151096344,0.07910511642694473,16.124191284179688,75.72381591796875
/content/data/CSIQ/dst_imgs/monument.JPEG.2.png,3.4,10,2,jpeg,3.875,3.138903856277466,0.5076496601104736,66.4274673461914,16.97088623046875
/content/data/CSIQ/dst_imgs/log_seaside.BLUR.1.png,4.2,1,1,blur,3.07421875,4.492105484008789,0.35651716589927673,68.22164916992188,10.40887451171875
/content/data/CSIQ/dst_imgs/butter_flower.JPEG.5.png,1.0,10,5,jpeg,1.001953125,1.129591464996338,0.13075394928455353,23.570465087890625,75.56402587890625
/content/data/CSIQ/dst_imgs/lake.JPEG.3.png,2.5999999999999996,10,3,jpeg,4.09375,4.945118427276611,0.5086438059806824,60.55253601074219,8.89300537109375
/content/data/CSIQ/dst_imgs/woman.JPEG.3.png,2.5999999999999996,10,3,jpeg,2.966796875,3.041053056716919,0.37167251110076904,64.52640533447266,26.14617919921875
/content/data/CSIQ/dst_imgs/redwood.AWGN.5.png,1.0,11,5,awgn,2.03125,1.0521390438079834,0.21768972277641296,49.17863464355469,30.67913818359375
/content/data/CSIQ/dst_imgs/veggies.AWGN.5.png,1.0,11,5,awgn,2.728515625,1.64304780960083,0.3203428387641907,49.91579055786133,21.68865966796875
/content/data/CSIQ/dst_imgs/foxy.JPEG.3.png,2.5999999999999996,10,3,jpeg,3.640625,4.746707916259766,0.4935140013694763,70.3940200805664,12.42706298828125
/content/data/CSIQ/dst_imgs/log_seaside.JPEG.2.png,3.4,10,2,jpeg,3.396484375,4.429537773132324,0.41932645440101624,69.34407043457031,12.01849365234375
/content/data/CSIQ/dst_imgs/roping.BLUR.1.png,4.2,1,1,blur,2.708984375,2.2933201789855957,0.2669748067855835,61.28125,9.34466552734375
/content/data/CSIQ/dst_imgs/aerial_city.BLUR.4.png,1.7999999999999998,1,4,blur,1.8525390625,1.4766062498092651,0.12208113074302673,38.7712287902832,48.33343505859375
/content/data/CSIQ/dst_imgs/turtle.BLUR.2.png,3.4,1,2,blur,2.4765625,2.6781179904937744,0.2813510000705719,51.89070510864258,35.89813232421875
/content/data/CSIQ/dst_imgs/family.AWGN.5.png,1.0,11,5,awgn,1.982421875,1.0228272676467896,0.19877582788467407,35.220733642578125,36.27606201171875
/content/data/CSIQ/dst_imgs/geckos.BLUR.1.png,4.2,1,1,blur,2.736328125,3.5299198627471924,0.35077178478240967,68.5906982421875,15.28338623046875
/content/data/CSIQ/dst_imgs/log_seaside.JPEG.3.png,2.5999999999999996,10,3,jpeg,3.462890625,4.529312610626221,0.48303720355033875,68.85253143310547,15.44232177734375
/content/data/CSIQ/dst_imgs/butter_flower.AWGN.2.png,3.4,11,2,awgn,3.537109375,3.265326738357544,0.45647597312927246,63.37853240966797,-5.32916259765625
/content/data/CSIQ/dst_imgs/lake.JPEG.1.png,4.2,10,1,jpeg,3.494140625,4.944387435913086,0.438320517539978,62.78753662109375,9.04144287109375
/content/data/CSIQ/dst_imgs/log_seaside.AWGN.2.png,3.4,11,2,awgn,3.1875,4.209197044372559,0.36757245659828186,68.4820327758789,15.28326416015625
/content/data/CSIQ/dst_imgs/family.JPEG.5.png,1.0,10,5,jpeg,1.0048828125,1.0078034400939941,0.12206791341304779,22.824512481689453,76.04974365234375
/content/data/CSIQ/dst_imgs/1600.AWGN.1.png,4.2,11,1,awgn,3.19140625,4.98279333114624,0.3812994658946991,71.36518096923828,13.71136474609375
/content/data/CSIQ/dst_imgs/redwood.JPEG.5.png,1.0,10,5,jpeg,1.0029296875,1.0068835020065308,0.20683693885803223,40.8167724609375,88.39837646484375
/content/data/CSIQ/dst_imgs/bridge.AWGN.3.png,2.5999999999999996,11,3,awgn,2.865234375,3.7182750701904297,0.28249767422676086,58.051536560058594,14.48309326171875
/content/data/CSIQ/dst_imgs/roping.AWGN.1.png,4.2,11,1,awgn,3.02734375,2.540393114089966,0.2961011528968811,62.646663665771484,3.60394287109375
/content/data/CSIQ/dst_imgs/monument.AWGN.3.png,2.5999999999999996,11,3,awgn,3.341796875,2.4052774906158447,0.3861478269100189,60.8729248046875,11.22283935546875
/content/data/CSIQ/dst_imgs/foxy.JPEG.4.png,1.7999999999999998,10,4,jpeg,3.505859375,4.332467555999756,0.47392117977142334,68.28650665283203,17.66790771484375
/content/data/CSIQ/dst_imgs/native_american.AWGN.1.png,4.2,11,1,awgn,3.609375,4.899704456329346,0.47310516238212585,66.47657012939453,-5.99993896484375
/content/data/CSIQ/dst_imgs/butter_flower.AWGN.5.png,1.0,11,5,awgn,2.09765625,2.0536577701568604,0.2805110812187195,46.99815368652344,33.16522216796875
/content/data/CSIQ/dst_imgs/monument.JPEG.3.png,2.5999999999999996,10,3,jpeg,2.953125,2.2726833820343018,0.42015311121940613,59.408897399902344,29.51751708984375
/content/data/CSIQ/dst_imgs/roping.AWGN.5.png,1.0,11,5,awgn,2.126953125,1.0236351490020752,0.18405313789844513,47.56938171386719,24.37274169921875
/content/data/CSIQ/dst_imgs/shroom.JPEG.3.png,2.5999999999999996,10,3,jpeg,3.1640625,2.705887794494629,0.39074254035949707,61.69831848144531,35.35516357421875
/content/data/CSIQ/dst_imgs/log_seaside.AWGN.4.png,1.7999999999999998,11,4,awgn,2.890625,3.244070529937744,0.3322252631187439,61.62213897705078,21.66656494140625
/content/data/CSIQ/dst_imgs/bridge.AWGN.2.png,3.4,11,2,awgn,2.98828125,4.633161544799805,0.30797895789146423,60.577091217041016,12.07208251953125
/content/data/CSIQ/dst_imgs/elk.JPEG.3.png,2.5999999999999996,10,3,jpeg,3.828125,4.079184532165527,0.5003999471664429,65.9912338256836,23.14056396484375
/content/data/CSIQ/dst_imgs/turtle.BLUR.5.png,1.0,1,5,blur,1.0009765625,1.028333067893982,0.3308984637260437,14.660724639892578,95.83905029296875
/content/data/CSIQ/dst_imgs/log_seaside.BLUR.2.png,3.4,1,2,blur,2.998046875,4.3551106452941895,0.32431501150131226,66.98481750488281,10.03594970703125
/content/data/CSIQ/dst_imgs/geckos.AWGN.3.png,2.5999999999999996,11,3,awgn,2.982421875,3.4444236755371094,0.3435775935649872,67.79097747802734,15.91058349609375
/content/data/CSIQ/dst_imgs/aerial_city.AWGN.2.png,3.4,11,2,awgn,3.123046875,4.308648109436035,0.3664637506008148,64.36844635009766,22.67327880859375
/content/data/CSIQ/dst_imgs/geckos.JPEG.5.png,1.0,10,5,jpeg,1.00390625,1.02301025390625,0.2393254041671753,29.110206604003906,83.88104248046875
/content/data/CSIQ/dst_imgs/aerial_city.JPEG.4.png,1.7999999999999998,10,4,jpeg,1.228515625,1.712672233581543,0.3374856412410736,62.81021499633789,62.44476318359375
/content/data/CSIQ/dst_imgs/lady_liberty.BLUR.4.png,1.7999999999999998,1,4,blur,1.001953125,1.0074520111083984,0.14011982083320618,20.14657211303711,75.86553955078125
/content/data/CSIQ/dst_imgs/bridge.BLUR.4.png,1.7999999999999998,1,4,blur,1.962890625,1.2526392936706543,0.1256485879421234,28.383222579956055,50.30633544921875
/content/data/CSIQ/dst_imgs/elk.AWGN.3.png,2.5999999999999996,11,3,awgn,3.22265625,3.376070022583008,0.4224187433719635,61.84619140625,17.65875244140625
/content/data/CSIQ/dst_imgs/veggies.BLUR.3.png,2.5999999999999996,1,3,blur,2.5078125,3.072009563446045,0.28499141335487366,47.21837615966797,31.90374755859375
/content/data/CSIQ/dst_imgs/lady_liberty.AWGN.4.png,1.7999999999999998,11,4,awgn,2.701171875,2.922089099884033,0.353426456451416,56.48149871826172,21.57781982421875
/content/data/CSIQ/dst_imgs/aerial_city.JPEG.1.png,4.2,10,1,jpeg,3.203125,4.51268196105957,0.4231807291507721,67.66106414794922,20.07611083984375
/content/data/CSIQ/dst_imgs/fisher.AWGN.1.png,4.2,11,1,awgn,2.87109375,2.909209966659546,0.38070812821388245,46.069129943847656,10.52532958984375
/content/data/CSIQ/dst_imgs/woman.JPEG.4.png,1.7999999999999998,10,4,jpeg,1.8740234375,1.0459028482437134,0.22505758702754974,44.142765045166016,53.35418701171875
/content/data/CSIQ/dst_imgs/veggies.JPEG.4.png,1.7999999999999998,10,4,jpeg,1.96875,1.278070092201233,0.30751535296440125,52.29188537597656,47.32952880859375
/content/data/CSIQ/dst_imgs/lake.AWGN.5.png,1.0,11,5,awgn,2.80078125,2.9097394943237305,0.2947467863559723,52.708885192871094,20.63690185546875
/content/data/CSIQ/dst_imgs/woman.AWGN.2.png,3.4,11,2,awgn,3.1953125,3.6824898719787598,0.3803991675376892,69.7394027709961,8.08709716796875
/content/data/CSIQ/dst_imgs/lady_liberty.JPEG.4.png,1.7999999999999998,10,4,jpeg,1.1171875,1.721036434173584,0.32934439182281494,46.88324737548828,84.29998779296875
/content/data/CSIQ/dst_imgs/elk.JPEG.5.png,1.0,10,5,jpeg,1.1630859375,1.0896778106689453,0.3076956868171692,41.02010726928711,62.04608154296875
/content/data/CSIQ/dst_imgs/swarm.BLUR.4.png,1.7999999999999998,1,4,blur,1.001953125,1.035664439201355,0.19232872128486633,18.726455688476562,80.54925537109375
/content/data/CSIQ/dst_imgs/elk.BLUR.2.png,3.4,1,2,blur,2.7421875,3.2809526920318604,0.3777296543121338,63.12279510498047,25.15789794921875
/content/data/CSIQ/dst_imgs/redwood.JPEG.1.png,4.2,10,1,jpeg,3.654296875,2.5357933044433594,0.334188312292099,56.126625061035156,7.07171630859375
/content/data/CSIQ/dst_imgs/bridge.JPEG.3.png,2.5999999999999996,10,3,jpeg,2.6875,3.4905788898468018,0.3592800199985504,58.50765609741211,31.89691162109375
/content/data/CSIQ/dst_imgs/foxy.JPEG.1.png,4.2,10,1,jpeg,3.259765625,4.907120704650879,0.4759732484817505,71.91938018798828,10.73040771484375
/content/data/CSIQ/dst_imgs/roping.BLUR.5.png,1.0,1,5,blur,1.0009765625,1.052726149559021,0.10795244574546814,14.306490898132324,89.37615966796875
/content/data/CSIQ/dst_imgs/geckos.AWGN.2.png,3.4,11,2,awgn,2.95703125,3.5199718475341797,0.34763073921203613,69.08580780029297,15.46673583984375
/content/data/CSIQ/dst_imgs/swarm.AWGN.5.png,1.0,11,5,awgn,2.173828125,2.380525827407837,0.27359268069267273,62.23018264770508,33.91986083984375
/content/data/CSIQ/dst_imgs/native_american.BLUR.4.png,1.7999999999999998,1,4,blur,1.0068359375,1.0085195302963257,0.05947703495621681,15.405410766601562,75.42584228515625
/content/data/CSIQ/dst_imgs/redwood.AWGN.1.png,4.2,11,1,awgn,3.4921875,2.6013946533203125,0.3125598430633545,55.530181884765625,8.30731201171875
/content/data/CSIQ/dst_imgs/veggies.AWGN.4.png,1.7999999999999998,11,4,awgn,3.03125,2.988098382949829,0.3699455261230469,55.33245086669922,13.57952880859375
/content/data/CSIQ/dst_imgs/aerial_city.BLUR.5.png,1.0,1,5,blur,1.0009765625,1.009865164756775,0.19601500034332275,14.303438186645508,83.79693603515625
/content/data/CSIQ/dst_imgs/1600.JPEG.1.png,4.2,10,1,jpeg,3.287109375,4.989078044891357,0.413023978471756,72.17960357666016,14.40765380859375
/content/data/CSIQ/dst_imgs/native_american.JPEG.5.png,1.0,10,5,jpeg,1.001953125,1.0683395862579346,0.10166677087545395,20.321170806884766,92.31243896484375
/content/data/CSIQ/dst_imgs/lady_liberty.JPEG.2.png,3.4,10,2,jpeg,3.287109375,4.9325666427612305,0.475943386554718,65.4384994506836,51.78485107421875
/content/data/CSIQ/dst_imgs/fisher.AWGN.3.png,2.5999999999999996,11,3,awgn,2.693359375,2.2535362243652344,0.32018259167671204,43.897071838378906,9.39862060546875
/content/data/CSIQ/dst_imgs/cactus.BLUR.2.png,3.4,1,2,blur,3.080078125,4.960253715515137,0.3423520028591156,74.74443817138672,12.59136962890625
/content/data/CSIQ/dst_imgs/swarm.AWGN.1.png,4.2,11,1,awgn,3.19921875,4.946626663208008,0.4096328020095825,73.7116928100586,-5.55902099609375
/content/data/CSIQ/dst_imgs/boston.AWGN.1.png,4.2,11,1,awgn,3.4453125,4.974496841430664,0.4315250813961029,70.84789276123047,19.03582763671875
/content/data/CSIQ/dst_imgs/monument.AWGN.4.png,1.7999999999999998,11,4,awgn,2.978515625,1.7820050716400146,0.33526667952537537,55.034217834472656,15.89129638671875
/content/data/CSIQ/dst_imgs/veggies.JPEG.3.png,2.5999999999999996,10,3,jpeg,3.6875,4.150134086608887,0.4878832995891571,59.887306213378906,21.00482177734375
/content/data/CSIQ/dst_imgs/shroom.JPEG.5.png,1.0,10,5,jpeg,1.0009765625,1.0058842897415161,0.20927724242210388,29.95064926147461,85.38031005859375
/content/data/CSIQ/dst_imgs/child_swimming.JPEG.4.png,1.7999999999999998,10,4,jpeg,2.5625,4.450543403625488,0.42938387393951416,57.34880065917969,49.41790771484375
/content/data/CSIQ/dst_imgs/1600.BLUR.5.png,1.0,1,5,blur,1.0,1.6371506452560425,0.13337594270706177,17.638214111328125,72.93609619140625
/content/data/CSIQ/dst_imgs/cactus.JPEG.2.png,3.4,10,2,jpeg,3.8671875,4.9964752197265625,0.4464417099952698,77.3368911743164,5.37933349609375
/content/data/CSIQ/dst_imgs/trolley.AWGN.1.png,4.2,11,1,awgn,3.28515625,4.911092281341553,0.4463953375816345,69.9766616821289,21.37371826171875
/content/data/CSIQ/dst_imgs/rushmore.BLUR.4.png,1.7999999999999998,1,4,blur,2.5,3.016648054122925,0.2600978910923004,61.447086334228516,29.96356201171875
/content/data/CSIQ/dst_imgs/log_seaside.JPEG.4.png,1.7999999999999998,10,4,jpeg,3.033203125,4.097504615783691,0.4849017262458801,66.0008316040039,21.73590087890625
/content/data/CSIQ/dst_imgs/swarm.AWGN.4.png,1.7999999999999998,11,4,awgn,2.693359375,3.569465398788452,0.31697332859039307,67.61323547363281,24.09429931640625
/content/data/CSIQ/dst_imgs/snow_leaves.BLUR.5.png,1.0,1,5,blur,1.001953125,1.084153413772583,0.16079199314117432,22.68683624267578,69.45770263671875
/content/data/CSIQ/dst_imgs/swarm.BLUR.1.png,4.2,1,1,blur,2.927734375,4.730591297149658,0.36455029249191284,72.78936004638672,11.16107177734375
/content/data/CSIQ/dst_imgs/cactus.JPEG.5.png,1.0,10,5,jpeg,1.00390625,1.8799866437911987,0.20006726682186127,54.963104248046875,67.33343505859375
/content/data/CSIQ/dst_imgs/child_swimming.JPEG.2.png,3.4,10,2,jpeg,3.5546875,4.999338150024414,0.443147212266922,70.36804962158203,20.80145263671875
/content/data/CSIQ/dst_imgs/native_american.AWGN.2.png,3.4,11,2,awgn,3.62890625,4.6288580894470215,0.45598456263542175,64.15851593017578,-4.16510009765625
/content/data/CSIQ/dst_imgs/child_swimming.BLUR.2.png,3.4,1,2,blur,2.978515625,4.9971137046813965,0.3598322868347168,67.54092407226562,16.51483154296875
/content/data/CSIQ/dst_imgs/sunsetcolor.JPEG.3.png,2.5999999999999996,10,3,jpeg,1.033203125,1.0090668201446533,0.28166788816452026,41.60442352294922,77.15374755859375
/content/data/CSIQ/dst_imgs/swarm.AWGN.3.png,2.5999999999999996,11,3,awgn,3.0078125,4.407886981964111,0.3427925109863281,70.46898651123047,10.72332763671875
/content/data/CSIQ/dst_imgs/monument.BLUR.5.png,1.0,1,5,blur,1.0,1.0751265287399292,0.1780531108379364,16.56778907775879,84.61639404296875
/content/data/CSIQ/dst_imgs/lady_liberty.BLUR.5.png,1.0,1,5,blur,1.013671875,1.0183289051055908,0.3025027811527252,19.689977645874023,94.28057861328125
/content/data/CSIQ/dst_imgs/geckos.BLUR.5.png,1.0,1,5,blur,1.4658203125,1.0377825498580933,0.1844434142112732,24.70648765563965,58.26458740234375
/content/data/CSIQ/dst_imgs/lady_liberty.AWGN.5.png,1.0,11,5,awgn,2.107421875,2.270667552947998,0.3142296075820923,52.18592834472656,31.76458740234375
/content/data/CSIQ/dst_imgs/veggies.BLUR.1.png,4.2,1,1,blur,3.35546875,4.4249701499938965,0.45377856492996216,61.862335205078125,18.53826904296875
/content/data/CSIQ/dst_imgs/elk.AWGN.2.png,3.4,11,2,awgn,3.314453125,3.9504857063293457,0.4454522132873535,66.1202621459961,17.57196044921875
/content/data/CSIQ/dst_imgs/rushmore.AWGN.3.png,2.5999999999999996,11,3,awgn,3.3984375,4.558831214904785,0.45242658257484436,71.66297149658203,12.50054931640625
/content/data/CSIQ/dst_imgs/roping.AWGN.3.png,2.5999999999999996,11,3,awgn,2.9296875,1.8903151750564575,0.23980586230754852,55.459381103515625,13.27508544921875
/content/data/CSIQ/dst_imgs/geckos.AWGN.5.png,1.0,11,5,awgn,2.37890625,2.2801661491394043,0.31527212262153625,61.456459045410156,21.14422607421875
/content/data/CSIQ/dst_imgs/butter_flower.BLUR.5.png,1.0,1,5,blur,1.0029296875,1.0756608247756958,0.23609766364097595,15.465502738952637,95.08465576171875
/content/data/CSIQ/dst_imgs/lake.BLUR.4.png,1.7999999999999998,1,4,blur,2.265625,3.0233113765716553,0.20709289610385895,47.63804626464844,27.61053466796875
/content/data/CSIQ/dst_imgs/boston.JPEG.2.png,3.4,10,2,jpeg,3.55078125,4.986608028411865,0.4758784770965576,70.2298812866211,19.29949951171875
/content/data/CSIQ/dst_imgs/trolley.BLUR.1.png,4.2,1,1,blur,3.14453125,4.898382663726807,0.4174198806285858,69.67710876464844,21.46929931640625
/content/data/CSIQ/dst_imgs/elk.JPEG.2.png,3.4,10,2,jpeg,3.609375,4.141757965087891,0.5032564401626587,69.22058868408203,16.39215087890625
/content/data/CSIQ/dst_imgs/rushmore.AWGN.5.png,1.0,11,5,awgn,2.173828125,2.504631519317627,0.3748469948768616,61.00952911376953,28.24285888671875
/content/data/CSIQ/dst_imgs/foxy.BLUR.4.png,1.7999999999999998,1,4,blur,2.623046875,3.9650208950042725,0.33403557538986206,66.74882507324219,19.50384521484375
/content/data/CSIQ/dst_imgs/butter_flower.JPEG.1.png,4.2,10,1,jpeg,3.37890625,3.561035633087158,0.4958241879940033,65.78087615966797,19.63348388671875
/content/data/CSIQ/dst_imgs/fisher.AWGN.4.png,1.7999999999999998,11,4,awgn,2.37890625,1.931069016456604,0.28410592675209045,40.83310317993164,15.21014404296875
/content/data/CSIQ/dst_imgs/fisher.AWGN.2.png,3.4,11,2,awgn,2.83203125,2.58548903465271,0.3561277985572815,45.31824493408203,10.13348388671875
/content/data/CSIQ/dst_imgs/lake.AWGN.4.png,1.7999999999999998,11,4,awgn,3.13671875,3.9158782958984375,0.3329872488975525,55.70390319824219,15.11566162109375
/content/data/CSIQ/dst_imgs/woman.BLUR.4.png,1.7999999999999998,1,4,blur,1.712890625,1.0054566860198975,0.06337670236825943,19.625764846801758,66.13226318359375
/content/data/CSIQ/dst_imgs/couple.BLUR.4.png,1.7999999999999998,1,4,blur,1.3466796875,1.0292104482650757,0.07994342595338821,18.871097564697266,51.72943115234375
/content/data/CSIQ/dst_imgs/shroom.AWGN.3.png,2.5999999999999996,11,3,awgn,3.068359375,3.0258066654205322,0.31234854459762573,63.11949157714844,17.35980224609375
/content/data/CSIQ/dst_imgs/child_swimming.AWGN.3.png,2.5999999999999996,11,3,awgn,3.13671875,4.995477676391602,0.40793871879577637,67.18399810791016,21.63104248046875
/content/data/CSIQ/dst_imgs/child_swimming.AWGN.1.png,4.2,11,1,awgn,3.201171875,4.999111175537109,0.42304763197898865,70.12480163574219,20.10394287109375
/content/data/CSIQ/dst_imgs/monument.BLUR.4.png,1.7999999999999998,1,4,blur,1.0908203125,1.10027015209198,0.16004815697669983,19.645442962646484,64.79803466796875
/content/data/CSIQ/dst_imgs/family.BLUR.1.png,4.2,1,1,blur,2.83203125,2.4544689655303955,0.32990166544914246,46.04338836669922,7.48797607421875
/content/data/CSIQ/dst_imgs/cactus.BLUR.5.png,1.0,1,5,blur,1.0029296875,1.0156652927398682,0.13088148832321167,20.237592697143555,62.75335693359375
/content/data/CSIQ/dst_imgs/boston.JPEG.1.png,4.2,10,1,jpeg,3.59375,4.977688312530518,0.44643035531044006,71.41223907470703,19.40093994140625
/content/data/CSIQ/dst_imgs/butter_flower.BLUR.1.png,4.2,1,1,blur,3.05859375,3.1374175548553467,0.4541589319705963,61.25912094116211,28.93792724609375
/content/data/CSIQ/dst_imgs/foxy.JPEG.2.png,3.4,10,2,jpeg,3.564453125,4.871677398681641,0.4771770238876343,70.99911499023438,10.99481201171875
/content/data/CSIQ/dst_imgs/1600.BLUR.4.png,1.7999999999999998,1,4,blur,1.97265625,2.6433498859405518,0.13691562414169312,39.842750549316406,40.85906982421875
/content/data/CSIQ/dst_imgs/rushmore.JPEG.2.png,3.4,10,2,jpeg,4.08984375,4.980657577514648,0.5544548630714417,73.96205139160156,5.11126708984375
/content/data/CSIQ/dst_imgs/lake.JPEG.5.png,1.0,10,5,jpeg,1.0791015625,1.03603196144104,0.19170475006103516,34.45602035522461,59.61199951171875
/content/data/CSIQ/dst_imgs/woman.BLUR.5.png,1.0,1,5,blur,1.0009765625,1.0121592283248901,0.14030268788337708,14.791589736938477,86.82281494140625
/content/data/CSIQ/dst_imgs/1600.JPEG.4.png,1.7999999999999998,10,4,jpeg,2.013671875,2.866649627685547,0.35455501079559326,64.92806243896484,43.78521728515625
/content/data/CSIQ/dst_imgs/native_american.JPEG.1.png,4.2,10,1,jpeg,3.611328125,4.912545204162598,0.48049449920654297,67.02117919921875,-6.63482666015625
/content/data/CSIQ/dst_imgs/snow_leaves.BLUR.3.png,2.5999999999999996,1,3,blur,2.353515625,1.8416873216629028,0.2959960699081421,55.899681091308594,35.81781005859375
/content/data/CSIQ/dst_imgs/sunsetcolor.JPEG.1.png,4.2,10,1,jpeg,3.2890625,3.6014091968536377,0.4026176333427429,54.747554779052734,51.61395263671875
/content/data/CSIQ/dst_imgs/elk.AWGN.1.png,4.2,11,1,awgn,3.27734375,4.183321952819824,0.45566099882125854,67.98323059082031,16.54705810546875
/content/data/CSIQ/dst_imgs/roping.AWGN.2.png,3.4,11,2,awgn,3.12890625,2.3864364624023438,0.2672441601753235,59.85581588745117,5.99237060546875
/content/data/CSIQ/dst_imgs/butter_flower.AWGN.4.png,1.7999999999999998,11,4,awgn,2.724609375,2.476956605911255,0.3384252190589905,53.71751403808594,16.21173095703125
/content/data/CSIQ/dst_imgs/veggies.BLUR.2.png,3.4,1,2,blur,3.048828125,4.018505573272705,0.3878399431705475,58.3455810546875,22.01922607421875
/content/data/CSIQ/dst_imgs/shroom.JPEG.4.png,1.7999999999999998,10,4,jpeg,1.6943359375,1.0164601802825928,0.2800447344779968,50.087257385253906,56.50067138671875
/content/data/CSIQ/dst_imgs/1600.JPEG.3.png,2.5999999999999996,10,3,jpeg,3.4140625,4.9551262855529785,0.4569757282733917,70.65755462646484,23.24884033203125
/content/data/CSIQ/dst_imgs/sunset_sparrow.BLUR.5.png,1.0,1,5,blur,1.0009765625,1.0242615938186646,0.22078518569469452,13.245599746704102,93.85321044921875
/content/data/CSIQ/dst_imgs/sunset_sparrow.AWGN.4.png,1.7999999999999998,11,4,awgn,2.853515625,1.8443344831466675,0.31324002146720886,56.282649993896484,25.69073486328125
/content/data/CSIQ/dst_imgs/aerial_city.JPEG.3.png,2.5999999999999996,10,3,jpeg,2.625,3.7010207176208496,0.45130154490470886,67.26419830322266,35.46649169921875
/content/data/CSIQ/dst_imgs/1600.JPEG.5.png,1.0,10,5,jpeg,1.048828125,1.282817006111145,0.14176832139492035,45.072410583496094,65.91156005859375
/content/data/CSIQ/dst_imgs/trolley.JPEG.5.png,1.0,10,5,jpeg,1.248046875,1.3910367488861084,0.3035661280155182,59.84260940551758,61.49139404296875
/content/data/CSIQ/dst_imgs/roping.BLUR.4.png,1.7999999999999998,1,4,blur,1.07421875,1.0028283596038818,0.05275129899382591,23.17731285095215,52.99884033203125
/content/data/CSIQ/dst_imgs/trolley.JPEG.1.png,4.2,10,1,jpeg,3.529296875,4.94670295715332,0.4802230894565582,69.9281997680664,22.33709716796875
/content/data/CSIQ/dst_imgs/trolley.JPEG.2.png,3.4,10,2,jpeg,3.533203125,4.930472373962402,0.5001290440559387,70.13851165771484,21.34210205078125
/content/data/CSIQ/dst_imgs/trolley.BLUR.2.png,3.4,1,2,blur,3.044921875,4.812975883483887,0.3592572808265686,68.98665618896484,21.60052490234375
/content/data/CSIQ/dst_imgs/snow_leaves.AWGN.3.png,2.5999999999999996,11,3,awgn,3.669921875,2.561957597732544,0.40463945269584656,61.33213806152344,6.97332763671875
/content/data/CSIQ/dst_imgs/snow_leaves.AWGN.4.png,1.7999999999999998,11,4,awgn,3.1328125,1.9698671102523804,0.3453871011734009,58.516414642333984,10.21270751953125
/content/data/CSIQ/dst_imgs/geckos.BLUR.4.png,1.7999999999999998,1,4,blur,2.09765625,2.298445463180542,0.2604353725910187,52.5611572265625,35.18963623046875
/content/data/CSIQ/dst_imgs/rushmore.AWGN.1.png,4.2,11,1,awgn,3.794921875,4.937084197998047,0.5319528579711914,73.92374420166016,5.41937255859375
/content/data/CSIQ/dst_imgs/bridge.AWGN.5.png,1.0,11,5,awgn,2.1015625,1.382286548614502,0.23205919563770294,50.718284606933594,23.44598388671875
/content/data/CSIQ/dst_imgs/cactus.JPEG.3.png,2.5999999999999996,10,3,jpeg,3.638671875,4.991430282592773,0.43785005807876587,76.37049102783203,17.47698974609375
/content/data/CSIQ/dst_imgs/native_american.AWGN.3.png,2.5999999999999996,11,3,awgn,3.240234375,3.917687177658081,0.42929163575172424,61.802833557128906,2.76409912109375
/content/data/CSIQ/dst_imgs/snow_leaves.JPEG.3.png,2.5999999999999996,10,3,jpeg,3.208984375,2.485267400741577,0.44545456767082214,61.87314224243164,20.92156982421875
/content/data/CSIQ/dst_imgs/geckos.BLUR.3.png,2.5999999999999996,1,3,blur,2.37109375,2.9807112216949463,0.2998870611190796,62.692100524902344,24.25115966796875
/content/data/CSIQ/dst_imgs/rushmore.AWGN.4.png,1.7999999999999998,11,4,awgn,2.88671875,3.4079482555389404,0.4193418025970459,68.03897857666016,18.74127197265625
/content/data/CSIQ/dst_imgs/foxy.AWGN.4.png,1.7999999999999998,11,4,awgn,3.1015625,3.8667967319488525,0.4032541513442993,65.17838287353516,16.68389892578125
/content/data/CSIQ/dst_imgs/butter_flower.JPEG.2.png,3.4,10,2,jpeg,3.6875,3.4031543731689453,0.4819619953632355,65.81053924560547,23.37249755859375
/content/data/CSIQ/dst_imgs/snow_leaves.BLUR.4.png,1.7999999999999998,1,4,blur,1.3564453125,1.0779402256011963,0.21503104269504547,43.701629638671875,53.32623291015625
/content/data/CSIQ/dst_imgs/log_seaside.AWGN.5.png,1.0,11,5,awgn,2.291015625,2.5332329273223877,0.3051414489746094,59.07195281982422,25.78863525390625
/content/data/CSIQ/dst_imgs/lake.JPEG.4.png,1.7999999999999998,10,4,jpeg,3.533203125,3.3937466144561768,0.4480181038379669,54.265525817871094,14.82537841796875
/content/data/CSIQ/dst_imgs/elk.JPEG.1.png,4.2,10,1,jpeg,3.0546875,4.266951560974121,0.46959924697875977,69.71268463134766,16.62078857421875
/content/data/CSIQ/dst_imgs/rushmore.BLUR.2.png,3.4,1,2,blur,3.556640625,4.902381420135498,0.47471943497657776,72.92015838623047,2.68096923828125
/content/data/CSIQ/dst_imgs/turtle.BLUR.3.png,2.5999999999999996,1,3,blur,1.4462890625,1.5798958539962769,0.17690150439739227,26.50628662109375,59.47454833984375
/content/data/CSIQ/dst_imgs/fisher.JPEG.4.png,1.7999999999999998,10,4,jpeg,1.0009765625,1.0461828708648682,0.15775619447231293,33.19550323486328,80.57733154296875
/content/data/CSIQ/dst_imgs/sunset_sparrow.BLUR.3.png,2.5999999999999996,1,3,blur,2.74609375,2.0244719982147217,0.2561081647872925,51.15959548950195,20.16937255859375
/content/data/CSIQ/dst_imgs/elk.BLUR.1.png,4.2,1,1,blur,2.966796875,3.7483649253845215,0.42481422424316406,66.67288970947266,19.74395751953125
/content/data/CSIQ/dst_imgs/sunset_sparrow.AWGN.3.png,2.5999999999999996,11,3,awgn,3.0390625,2.3061394691467285,0.3362477719783783,57.96558380126953,13.57708740234375
/content/data/CSIQ/dst_imgs/sunset_sparrow.AWGN.2.png,3.4,11,2,awgn,3.2890625,2.7843055725097656,0.3672882318496704,60.28269577026367,1.97369384765625
/content/data/CSIQ/dst_imgs/fisher.BLUR.1.png,4.2,1,1,blur,2.216796875,2.50009822845459,0.3000907003879547,43.46923065185547,21.25042724609375
/content/data/CSIQ/dst_imgs/trolley.BLUR.3.png,2.5999999999999996,1,3,blur,2.876953125,4.3816022872924805,0.26865971088409424,66.24796295166016,25.18255615234375
/content/data/CSIQ/dst_imgs/geckos.AWGN.1.png,4.2,11,1,awgn,2.904296875,3.5534515380859375,0.36132562160491943,69.8118896484375,15.04046630859375
/content/data/CSIQ/dst_imgs/boston.AWGN.5.png,1.0,11,5,awgn,2.3046875,2.457237482070923,0.3249034881591797,59.15911102294922,28.56854248046875
/content/data/CSIQ/dst_imgs/lake.AWGN.3.png,2.5999999999999996,11,3,awgn,3.724609375,4.825305938720703,0.37096211314201355,59.15596008300781,11.71282958984375
/content/data/CSIQ/dst_imgs/foxy.BLUR.2.png,3.4,1,2,blur,3.142578125,4.771938800811768,0.44447776675224304,71.05396270751953,9.92425537109375
/content/data/CSIQ/dst_imgs/snow_leaves.AWGN.1.png,4.2,11,1,awgn,3.791015625,3.198681116104126,0.4671165347099304,62.379398345947266,4.94012451171875
/content/data/CSIQ/dst_imgs/sunsetcolor.BLUR.3.png,2.5999999999999996,1,3,blur,1.0048828125,1.2475773096084595,0.2598375082015991,15.381860733032227,91.33197021484375
/content/data/CSIQ/dst_imgs/cactus.AWGN.5.png,1.0,11,5,awgn,2.55078125,2.2925865650177,0.31444141268730164,66.36204528808594,28.47357177734375
/content/data/CSIQ/dst_imgs/lake.AWGN.2.png,3.4,11,2,awgn,3.796875,4.925571918487549,0.39061933755874634,59.91421890258789,9.48016357421875
/content/data/CSIQ/dst_imgs/cactus.BLUR.3.png,2.5999999999999996,1,3,blur,2.701171875,3.878905773162842,0.29860469698905945,68.4604721069336,22.05389404296875
/content/data/CSIQ/dst_imgs/turtle.AWGN.4.png,1.7999999999999998,11,4,awgn,2.7890625,3.1943435668945312,0.33561381697654724,55.34034729003906,17.48016357421875
/content/data/CSIQ/dst_imgs/cactus.JPEG.4.png,1.7999999999999998,10,4,jpeg,2.1953125,2.58103609085083,0.31422147154808044,69.33228302001953,31.03851318359375
/content/data/CSIQ/dst_imgs/redwood.AWGN.2.png,3.4,11,2,awgn,3.466796875,2.248073101043701,0.30116763710975647,55.006065368652344,11.71563720703125
/content/data/CSIQ/dst_imgs/butter_flower.AWGN.1.png,4.2,11,1,awgn,3.56640625,3.403794288635254,0.4975365102291107,64.30388641357422,-1.48138427734375
/content/data/CSIQ/dst_imgs/bridge.BLUR.1.png,4.2,1,1,blur,2.833984375,4.338984489440918,0.2873719036579132,61.19271469116211,19.19708251953125
/content/data/CSIQ/dst_imgs/snow_leaves.JPEG.5.png,1.0,10,5,jpeg,1.0048828125,1.0020450353622437,0.19187848269939423,38.71136474609375,58.05816650390625
/content/data/CSIQ/dst_imgs/lady_liberty.JPEG.5.png,1.0,10,5,jpeg,1.001953125,1.1111725568771362,0.23108085989952087,32.4708366394043,92.84344482421875
/content/data/CSIQ/dst_imgs/cactus.BLUR.1.png,4.2,1,1,blur,3.322265625,4.993374347686768,0.37579062581062317,76.44574737548828,7.74090576171875
/content/data/CSIQ/dst_imgs/fisher.AWGN.5.png,1.0,11,5,awgn,2.013671875,1.201046109199524,0.2477894127368927,33.1474494934082,27.95819091796875
/content/data/CSIQ/dst_imgs/fisher.BLUR.5.png,1.0,1,5,blur,1.0009765625,1.0046812295913696,0.22609449923038483,18.340593338012695,94.29071044921875
/content/data/CSIQ/dst_imgs/geckos.AWGN.4.png,1.7999999999999998,11,4,awgn,2.814453125,2.828382730484009,0.3300011157989502,66.13232421875,20.93206787109375
/content/data/CSIQ/dst_imgs/cactus.AWGN.3.png,2.5999999999999996,11,3,awgn,3.306640625,4.32858943939209,0.3563202917575836,73.57471466064453,23.29754638671875
/content/data/CSIQ/dst_imgs/family.AWGN.4.png,1.7999999999999998,11,4,awgn,2.2578125,1.1991382837295532,0.2189575880765915,41.899940490722656,26.73175048828125
/content/data/CSIQ/dst_imgs/boston.BLUR.5.png,1.0,1,5,blur,1.0029296875,1.0218174457550049,0.23656226694583893,15.075395584106445,90.65985107421875
/content/data/CSIQ/dst_imgs/foxy.BLUR.5.png,1.0,1,5,blur,2.0390625,2.646836996078491,0.23559869825839996,56.14237976074219,35.56781005859375
/content/data/CSIQ/dst_imgs/boston.AWGN.3.png,2.5999999999999996,11,3,awgn,3.1484375,4.8135786056518555,0.38084667921066284,66.00621032714844,21.11346435546875
/content/data/CSIQ/dst_imgs/child_swimming.BLUR.1.png,4.2,1,1,blur,3.052734375,4.998870372772217,0.3951628506183624,69.22992706298828,17.00213623046875
/content/data/CSIQ/dst_imgs/elk.JPEG.4.png,1.7999999999999998,10,4,jpeg,2.068359375,1.192540168762207,0.3579120934009552,48.7265739440918,44.45989990234375
/content/data/CSIQ/dst_imgs/woman.AWGN.5.png,1.0,11,5,awgn,2.087890625,1.5664690732955933,0.2336919754743576,46.84116744995117,22.70013427734375
/content/data/CSIQ/dst_imgs/woman.JPEG.5.png,1.0,10,5,jpeg,1.001953125,1.01590895652771,0.12560445070266724,19.225719451904297,92.78924560546875
/content/data/CSIQ/dst_imgs/butter_flower.BLUR.4.png,1.7999999999999998,1,4,blur,1.0,1.3899645805358887,0.16057412326335907,16.560596466064453,83.16973876953125
/content/data/CSIQ/dst_imgs/veggies.JPEG.1.png,4.2,10,1,jpeg,3.7109375,4.726458549499512,0.5055552124977112,64.41268157958984,15.88140869140625
/content/data/CSIQ/dst_imgs/redwood.BLUR.2.png,3.4,1,2,blur,3.158203125,2.076613187789917,0.23778259754180908,53.05258560180664,12.39324951171875
/content/data/CSIQ/dst_imgs/roping.JPEG.5.png,1.0,10,5,jpeg,1.0009765625,1.3127726316452026,0.11446572095155716,31.555627822875977,74.48260498046875
/content/data/CSIQ/dst_imgs/redwood.JPEG.2.png,3.4,10,2,jpeg,3.564453125,2.5886833667755127,0.392976313829422,57.788490295410156,7.91424560546875
/content/data/CSIQ/dst_imgs/sunset_sparrow.JPEG.5.png,1.0,10,5,jpeg,1.005859375,1.0719194412231445,0.23221229016780853,31.80278968811035,84.08184814453125
/content/data/CSIQ/dst_imgs/shroom.BLUR.3.png,2.5999999999999996,1,3,blur,2.134765625,2.1878774166107178,0.25034192204475403,44.30290985107422,47.23260498046875
/content/data/CSIQ/dst_imgs/fisher.JPEG.3.png,2.5999999999999996,10,3,jpeg,1.73046875,1.3512288331985474,0.3155961036682129,37.31888961791992,51.58856201171875
/content/data/CSIQ/dst_imgs/aerial_city.BLUR.2.png,3.4,1,2,blur,2.591796875,3.9062416553497314,0.2853022515773773,64.32164001464844,19.61309814453125
/content/data/CSIQ/dst_imgs/couple.AWGN.2.png,3.4,11,2,awgn,3.7265625,3.8271584510803223,0.3930538594722748,70.98392486572266,18.85296630859375
/content/data/CSIQ/dst_imgs/boston.JPEG.5.png,1.0,10,5,jpeg,1.0068359375,1.5189268589019775,0.2790563106536865,57.97317123413086,88.37347412109375
/content/data/CSIQ/dst_imgs/rushmore.JPEG.4.png,1.7999999999999998,10,4,jpeg,2.427734375,3.1202971935272217,0.4656076431274414,68.97317504882812,44.37933349609375
/content/data/CSIQ/dst_imgs/swarm.BLUR.2.png,3.4,1,2,blur,2.51953125,3.452467441558838,0.3096124529838562,68.22142028808594,34.96417236328125
/content/data/CSIQ/dst_imgs/cactus.AWGN.4.png,1.7999999999999998,11,4,awgn,2.943359375,3.002896308898926,0.34003397822380066,69.20352935791016,28.08416748046875
/content/data/CSIQ/dst_imgs/turtle.JPEG.3.png,2.5999999999999996,10,3,jpeg,1.958984375,1.671016812324524,0.45225730538368225,50.90579605102539,42.26971435546875
/content/data/CSIQ/dst_imgs/woman.BLUR.2.png,3.4,1,2,blur,2.6640625,2.95967960357666,0.24798080325126648,66.42989349365234,19.77520751953125
/content/data/CSIQ/dst_imgs/couple.AWGN.3.png,2.5999999999999996,11,3,awgn,3.46875,3.5077593326568604,0.35458117723464966,68.5250244140625,18.16949462890625
/content/data/CSIQ/dst_imgs/fisher.JPEG.2.png,3.4,10,2,jpeg,2.986328125,2.689605236053467,0.3944714367389679,47.849609375,26.89813232421875
/content/data/CSIQ/dst_imgs/trolley.JPEG.3.png,2.5999999999999996,10,3,jpeg,3.59375,4.737539291381836,0.522582471370697,69.50399017333984,23.64996337890625
/content/data/CSIQ/dst_imgs/child_swimming.BLUR.4.png,1.7999999999999998,1,4,blur,2.24609375,2.7755532264709473,0.1969137042760849,43.80306625366211,39.39251708984375
/content/data/CSIQ/dst_imgs/couple.AWGN.1.png,4.2,11,1,awgn,3.58203125,3.91705060005188,0.4230201542377472,72.7823715209961,19.10760498046875
/content/data/CSIQ/dst_imgs/native_american.AWGN.5.png,1.0,11,5,awgn,2.123046875,1.507713794708252,0.3357188105583191,48.337371826171875,24.42523193359375
/content/data/CSIQ/dst_imgs/veggies.AWGN.1.png,4.2,11,1,awgn,3.765625,4.531554698944092,0.4992823302745819,64.80392456054688,5.79205322265625
/content/data/CSIQ/dst_imgs/couple.BLUR.3.png,2.5999999999999996,1,3,blur,2.05859375,2.157256841659546,0.18335068225860596,50.26708221435547,40.06793212890625
/content/data/CSIQ/dst_imgs/native_american.AWGN.4.png,1.7999999999999998,11,4,awgn,2.841796875,2.744588851928711,0.3751029372215271,53.883941650390625,11.58685302734375
/content/data/CSIQ/dst_imgs/roping.JPEG.4.png,1.7999999999999998,10,4,jpeg,1.630859375,1.0950819253921509,0.2268802523612976,44.14426040649414,48.09686279296875
/content/data/CSIQ/dst_imgs/snow_leaves.BLUR.1.png,4.2,1,1,blur,3.390625,2.9485180377960205,0.4327382445335388,61.7640266418457,19.78485107421875
/content/data/CSIQ/dst_imgs/sunsetcolor.JPEG.2.png,3.4,10,2,jpeg,1.9208984375,1.456835389137268,0.34614092111587524,49.34820556640625,67.21868896484375
/content/data/CSIQ/dst_imgs/fisher.JPEG.1.png,4.2,10,1,jpeg,3.041015625,3.0526037216186523,0.3989975154399872,47.32120895385742,11.85736083984375
/content/data/CSIQ/dst_imgs/lady_liberty.BLUR.1.png,4.2,1,1,blur,2.998046875,4.9410271644592285,0.4040144979953766,66.69667053222656,30.89630126953125
/content/data/CSIQ/dst_imgs/swarm.BLUR.3.png,2.5999999999999996,1,3,blur,1.85546875,1.520911693572998,0.2110600620508194,42.80255889892578,61.78594970703125
/content/data/CSIQ/dst_imgs/native_american.BLUR.1.png,4.2,1,1,blur,3.181640625,4.882227897644043,0.43572694063186646,63.38759994506836,-1.13458251953125
/content/data/CSIQ/dst_imgs/sunsetcolor.AWGN.4.png,1.7999999999999998,11,4,awgn,2.068359375,1.4965561628341675,0.25166961550712585,46.9229736328125,31.89569091796875
/content/data/CSIQ/dst_imgs/redwood.BLUR.1.png,4.2,1,1,blur,3.314453125,2.4420807361602783,0.27631592750549316,54.85067367553711,8.59783935546875
/content/data/CSIQ/dst_imgs/elk.BLUR.4.png,1.7999999999999998,1,4,blur,1.892578125,1.262605905532837,0.19165295362472534,30.149124145507812,48.17962646484375
/content/data/CSIQ/dst_imgs/woman.JPEG.2.png,3.4,10,2,jpeg,3.341796875,4.022243022918701,0.4246995747089386,73.19511413574219,7.79522705078125
/content/data/CSIQ/dst_imgs/trolley.BLUR.5.png,1.0,1,5,blur,1.8623046875,1.3073865175247192,0.09900727868080139,23.4811954498291,51.99920654296875
/content/data/CSIQ/dst_imgs/woman.JPEG.1.png,4.2,10,1,jpeg,3.328125,4.4414286613464355,0.40224313735961914,73.91931915283203,6.37396240234375
/content/data/CSIQ/dst_imgs/monument.AWGN.5.png,1.0,11,5,awgn,2.556640625,1.2993333339691162,0.2793414294719696,48.09571838378906,23.13372802734375
/content/data/CSIQ/dst_imgs/foxy.JPEG.5.png,1.0,10,5,jpeg,2.021484375,2.6636126041412354,0.3486393690109253,60.578311920166016,37.43426513671875
/content/data/CSIQ/dst_imgs/sunset_sparrow.JPEG.1.png,4.2,10,1,jpeg,3.3046875,3.4570722579956055,0.4062651991844177,61.548431396484375,-7.68341064453125
/content/data/CSIQ/dst_imgs/geckos.JPEG.3.png,2.5999999999999996,10,3,jpeg,3.076171875,3.5908279418945312,0.4293617606163025,69.57514190673828,15.76116943359375
/content/data/CSIQ/dst_imgs/family.AWGN.2.png,3.4,11,2,awgn,2.982421875,2.3264987468719482,0.2971206605434418,47.442359924316406,2.93914794921875
/content/data/CSIQ/dst_imgs/native_american.JPEG.2.png,3.4,10,2,jpeg,3.740234375,4.811544418334961,0.4869891405105591,65.95538330078125,-2.80621337890625
/content/data/CSIQ/dst_imgs/redwood.AWGN.3.png,2.5999999999999996,11,3,awgn,3.048828125,1.7249085903167725,0.2644379138946533,53.26995086669922,17.05438232421875
/content/data/CSIQ/dst_imgs/woman.BLUR.3.png,2.5999999999999996,1,3,blur,2.10546875,1.5471303462982178,0.1462840735912323,46.33605194091797,38.73797607421875
/content/data/CSIQ/dst_imgs/swarm.JPEG.1.png,4.2,10,1,jpeg,3.58203125,4.98813009262085,0.4294458329677582,74.56156921386719,-2.80279541015625
/content/data/CSIQ/dst_imgs/couple.BLUR.5.png,1.0,1,5,blur,1.0009765625,1.0337892770767212,0.04387710243463516,15.646696090698242,68.66033935546875
/content/data/CSIQ/dst_imgs/fisher.JPEG.5.png,1.0,10,5,jpeg,1.0,1.0690704584121704,0.1521940529346466,31.7830810546875,84.66986083984375
/content/data/CSIQ/dst_imgs/family.BLUR.3.png,2.5999999999999996,1,3,blur,1.904296875,1.347716212272644,0.23935264348983765,20.76327133178711,52.46087646484375
/content/data/CSIQ/dst_imgs/rushmore.JPEG.1.png,4.2,10,1,jpeg,3.8828125,4.965895652770996,0.5482091903686523,74.11031341552734,4.68524169921875
/content/data/CSIQ/dst_imgs/bridge.JPEG.2.png,3.4,10,2,jpeg,2.974609375,4.789856910705566,0.3766629695892334,63.181480407714844,18.87322998046875
/content/data/CSIQ/dst_imgs/monument.BLUR.3.png,2.5999999999999996,1,3,blur,2.228515625,1.5899194478988647,0.22507774829864502,40.7135124206543,31.97393798828125
